{
	"credit": "Made with Blockbench",
	"textures": {
		"0": "minecraft:block/petrolier",
		"1": "minecraft:block/petrolier_texture1",
		"particle": "minecraft:block/petrolier"
	},
	"elements": [
		{
			"from": [5, 0, 2],
			"to": [10, 2, 14],
			"faces": {
				"north": {"uv": [10, 4, 12.5, 5], "texture": "#1"},
				"east": {"uv": [10, 0, 16, 1], "texture": "#1"},
				"south": {"uv": [10, 6, 12.5, 7], "texture": "#1"},
				"west": {"uv": [10, 2, 16, 3], "texture": "#1"},
				"up": {"uv": [5, 12, 2.5, 6], "texture": "#1"},
				"down": {"uv": [7.5, 6, 5, 12], "texture": "#1"}
			}
		},
		{
			"from": [7, 2, 5],
			"to": [9, 10, 11],
			"faces": {
				"north": {"uv": [0, 0, 1, 4], "texture": "#0"},
				"east": {"uv": [1, 0, 4, 4], "texture": "#0"},
				"south": {"uv": [4, 0, 5, 4], "texture": "#0"},
				"west": {"uv": [5, 0, 8, 4], "texture": "#0"},
				"up": {"uv": [1, 3, 0, 0], "texture": "#0"},
				"down": {"uv": [2, 0, 1, 3], "texture": "#0"}
			}
		}
	]
}
