{
	"format_version": "1.21.6",
	"credit": "Made with Blockbench",
	"texture_size": [32, 32],
	"textures": {
		"0": "block/texture",
		"1": "block/texture",
		"particle": "block/texture"
	},
	"elements": [
		{
			"from": [5, 0, 2],
			"to": [10, 2, 14],
			"rotation": {"angle": 0, "axis": "x", "origin": [8, 0, 6]},
			"faces": {
				"north": {"uv": [5, 2, 7.5, 3], "texture": "#1"},
				"east": {"uv": [5, 0, 11, 1], "texture": "#1"},
				"south": {"uv": [5, 3, 7.5, 4], "texture": "#1"},
				"west": {"uv": [5, 1, 11, 2], "texture": "#1"},
				"up": {"uv": [2.5, 6, 0, 0], "texture": "#1"},
				"down": {"uv": [5, 0, 2.5, 6], "texture": "#1"}
			}
		},
		{
			"from": [7, 2, -3],
			"to": [9, 4, 13],
			"rotation": {"angle": 40, "axis": "x", "origin": [7, 2, 11]},
			"faces": {
				"north": {"uv": [8, 8, 9, 9], "texture": "#0"},
				"east": {"uv": [0, 8, 8, 9], "texture": "#0"},
				"south": {"uv": [17, 8, 18, 9], "texture": "#0"},
				"west": {"uv": [9, 8, 17, 9], "texture": "#0"},
				"up": {"uv": [9, 8, 8, 0], "texture": "#0"},
				"down": {"uv": [10, 0, 9, 8], "texture": "#0"}
			}
		}
	]
}